content,name
蔚蓝50米，，，勉费 080808,蔚蓝50米
蔚蓝50米&gt;传奇大亨&gt;追龙&gt;不要银子发发发发,蔚蓝50米
蔚蓝50米,蔚蓝50米
蔚蓝50米好看，同更新，来娶,蔚蓝50米
蔚蓝50米无偿。收到的顶e起来，谢谢。徘日儆故uk涣67i8衷反,蔚蓝50米
有没有人知道蔚蓝50米电视剧里的酒是什么酒,蔚蓝50米
第一季，第二季，蔚蓝50米。,蔚蓝50米
【蔚蓝50米】收官在即，你最喜欢哪个角色？？？？？？,蔚蓝50米
没看明白为啥叫《蔚蓝50米》的进,蔚蓝50米
蔚蓝50米2季完整版《1～16》佺未剪辑版，喜欢看的字曲,蔚蓝50米
冕费份享，《蔚蓝50米2》超青01-12,蔚蓝50米
有没有大佬 知道蔚蓝50米第二季中  喝的酒是什么酒,蔚蓝50米
蔚蓝50米/独步天下/班长大人,蔚蓝50米
蔚蓝50米，第二季至12，速娶,蔚蓝50米
蔚蓝50米同步的,蔚蓝50米
蔚蓝50米2    同步更新👇,蔚蓝50米
蔚蓝50米2🔥同步12 👇👇,蔚蓝50米
🍡蔚蓝50米2》🍡更新到12集啦啦，追剧的小伙伴们快点来看哦,蔚蓝50米
蔚蓝50米第二季更至8,蔚蓝50米
谁有蔚蓝50米第二季的资源，求分享,蔚蓝50米
[免费]蔚蓝50米第二季,蔚蓝50米
【蔚蓝50米】爆笑漫画小剧场（持更~）,蔚蓝50米
猎场，小五当官，维和步兵营，龙珠传奇，想要的看我空间主页,蔚蓝50米
还有韩国限制的哦,蔚蓝50米
有没有大佬 知道蔚蓝50米第二季中  喝的酒是什么酒,蔚蓝50米
有知道的伙伴 评论告一下 谢谢啦,蔚蓝50米
发【蔚蓝50米】到“恭种浩”【电影团子】,蔚蓝50米
蔚蓝50米2季完整版《1～16》佺未剪辑版，喜欢看的字曲,蔚蓝50米
因为泳池是五十米啊，在蔚蓝的50米泳道中，青春的友谊唯有用忘我的竞技来铭记,蔚蓝50米
打call张若晨，令人心疼的盐系男子。,蔚蓝50米
有没有和我一起的~~~~~！,蔚蓝50米
你喜欢哪一面的程哲海？,蔚蓝50米
对翔子圈粉，演技超好哦~,蔚蓝50米
".,..,..,.,二楼直发",蔚蓝50米
有没有人知道蔚蓝50米电视剧里的酒是什么酒,蔚蓝50米
一样！我也想知道,蔚蓝50米
感觉他们的酒和饮料是同一款,蔚蓝50米
U-BOOT鸡尾酒   德国的,蔚蓝50米
有木有知道是不是DANKE弹壳鸡尾酒,蔚蓝50米
有紫源一起分享，二楼娶,蔚蓝50米
ht自tps:己//pa把n.bai中du.文com/s/1删smnP掉xKx,蔚蓝50米
"电视剧，1,2部，全看的来。",蔚蓝50米
lfqdyx12345,蔚蓝50米
蔚蓝50米>传奇大亨>追龙>不要银子发发发发,蔚蓝50米
🌺这真是一部很难得的电视剧,蔚蓝50米
蔚蓝50米，，，勉费 080808,蔚蓝50米
蔚蓝50米2💗，更新到8，持续更新中🍃,蔚蓝50米
蔚蓝50米第二季，1-8集,蔚蓝50米
【蔚蓝50米】第一季完结撒花，下周11.14第二季精彩继续！,蔚蓝50米
莬沸份享，电视剧《蔚蓝50米》。超青最新,蔚蓝50米
💙蔚蓝50米💙1-2,蔚蓝50米
蔚蓝50米好像盗版的浪花一朵朵。,蔚蓝50米
蔚蓝50米 1-16 汁圆合集,蔚蓝50米
不需任何费·！看全集《蔚蓝50米》高清资源！在这·刚找到·有看,蔚蓝50米
[免费]蔚蓝50米同步，拿走留言就好,蔚蓝50米
蔚蓝50米，有蓝天有大海，还有赵志伟，徐洋，还有第8集～～～,蔚蓝50米
蔚蓝50米 第一季 高清1080p,蔚蓝50米
蔚蓝50米  1-16  我看完了，还没删哦。有要看的么？,蔚蓝50米
🔥蔚蓝50米🔥👇,蔚蓝50米
蔚蓝50米免费更新16集,蔚蓝50米
贴吧发的-16集链接都4骗人滴，腾讯视频会员表示现在只能刷到12集哦~~,蔚蓝50米
！！！迫不及待等更~~先上一组漫画小剧场解解馋吧~~~,蔚蓝50米
副队陆嘉余的“被气疯”日常：心爱熊宝宝被断头，半夜被吓个魂魄散。,蔚蓝50米
捣蛋二人组，程哲海和刘阳阳真的是“不作妖不舒服”啊！,蔚蓝50米
“作妖二人组”日常：一瓶药酒就可以开唱《红日》,蔚蓝50米
，那喝一瓶二锅头，,蔚蓝50米
这二位得造作成什么样啊？,蔚蓝50米
“作妖二人组”日常：偷看花游队练功,蔚蓝50米
，竟如此笨手笨脚,蔚蓝50米
谁有蔚蓝50米第二季的资源，求分享,蔚蓝50米
🍡蔚蓝50米2》🍡更新到12集啦啦，追剧的小伙伴们快点来看哦😍😍😍😍,蔚蓝50米
蔚蓝50米2🔥同步12 👇👇,蔚蓝50米
威：cxlyyy0328,蔚蓝50米
蔚蓝50米2    同步更新👇,蔚蓝50米
CNN1108NNC,蔚蓝50米
FlowerNeeNee,蔚蓝50米
虚要的伟♥    zuozuoundo,蔚蓝50米
zuozuoundo,蔚蓝50米
蔚蓝50米1-12需要的宝宝们看过来,蔚蓝50米
蔚蓝50米，自取哦,蔚蓝50米
《蔚蓝50米》腾讯视频每周二、周三两集连播，会员提前看下周！,蔚蓝50米
蔚蓝50米。无私秒发哦,蔚蓝50米
蔚蓝50米完整版粗来咯别信要钱看的骗子,蔚蓝50米
"蔚蓝50米,将军在上---开更",蔚蓝50米
蔚蓝50米，好看呦～,蔚蓝50米
蔚蓝50米,蔚蓝50米
蔚蓝50米  同步更新❤下戳,蔚蓝50米
蔚蓝50米🌺持续更任性给!!! ◆◆,蔚蓝50米
蔚·蓝50-米 【 1 - 16 】可，以，看，了 情·节·棒,蔚蓝50米
蔚蓝50米12集,蔚蓝50米
泳镜侠探班《蔚蓝50米》开播发布会，剧组内幕故事曝光,蔚蓝50米
[免费]蔚蓝50米.,蔚蓝50米
蔚蓝50米1-10集最新更新,蔚蓝50米
火热电视剧[蔚蓝50米],蔚蓝50米
蔚蓝50米  1-8   无常,蔚蓝50米
蔚蓝50米第一季更至08,蔚蓝50米
蔚蓝50米更新8集,蔚蓝50米
蔚蓝50米更新一集,蔚蓝50米
"蔚蓝50米，1--8,高能医少全",蔚蓝50米
蔚蓝50米，全新的几集了要的速度来取,蔚蓝50米
【蔚蓝☀️】同名网络剧《蔚蓝50米》最新消息（持续更新！）,蔚蓝50米
蔚蓝50米完整版泄露粗来咯无乱码蓝光版不要钱,蔚蓝50米
大家都在入坑《中国有嘻哈》，这里有《蔚蓝50米》氧气男团你哈不,蔚蓝50米
【蔚蓝☀】《蔚蓝50米》倒数,蔚蓝50米
蔚蓝50米免费更新16集,蔚蓝50米
薇：tt22881,蔚蓝50米
🔥蔚蓝50米🔥👇,蔚蓝50米
LLL519529,蔚蓝50米
蔚蓝50米  1-16  我看完了，还没删哦。有要看的么？,蔚蓝50米
想看的宝宝来 还有更多好剧哦,蔚蓝50米
蔚蓝50米 第一季 高清1080p,蔚蓝50米
蔚蓝50米，有蓝天有大海，还有赵志伟，徐洋，还有第8集～～～我只能说  看的很青春,蔚蓝50米
V超喜欢m0660y,蔚蓝50米
楼主，有徐洋的贴吧吗，没找到呢,蔚蓝50米
，直接解析，右上角订阅哦，获取最新，麻烦顶贴评论,蔚蓝50米
🌺我刚看到14了！下面给大家,蔚蓝50米
🌺分享最重要！大伙也可以分享给朋友们一起看哦 ！开心嘛！,蔚蓝50米
🌺在·[薇---信]·里·搜·下·这个·共·众·号：【 花豆君 】》的~就是这个！哦。。。,蔚蓝50米
你不是一个人，我也觉得有点像,蔚蓝50米
浪花是根据小说拍的，偏向记者菜鸟和泳坛男神的恋爱故事。蔚蓝是改编的漫画，主要是两兄弟和队友的成长。都算游泳竞技(虽然有点少,蔚蓝50米
)和找到自我奋发向上的励志番。,蔚蓝50米
我两个都看没觉得像啊，再说两个不同东西改编的不存在盗版这种说法吧，两个剧给人的感觉是完全不同的,蔚蓝50米
我两个都看没觉得像啊，再说两个不同东西改编的不存在盗版这种说法吧，两个剧给人的感觉是完全不同的,蔚蓝50米
+✌💙  JNE0728,蔚蓝50米
发【蔚蓝50米】到【剧粉】“塨重晧”,蔚蓝50米
第一季期末测评来惹！,蔚蓝50米
蔚蓝50米第二季，1-8集,蔚蓝50米
想要的+vx2513505624,蔚蓝50米
蔚蓝50米2💗，更新到8，持续更新中🍃,蔚蓝50米
wxl9950204 嫁 威❤,蔚蓝50米
蔚蓝50米  1-8   无常,蔚蓝50米
1638471571,蔚蓝50米
啦啦啦，有喜欢的吗，＋V呦,蔚蓝50米
分享V：13117920870,蔚蓝50米
XP您pls怕热Dior目录不,蔚蓝50米
哦婆婆呵呵呵啪啪啪,蔚蓝50米
我去外婆色色给海里聚会X5银河,蔚蓝50米
我饿死了我们学校附近的人了,蔚蓝50米
客服服务态度很好，我的时候，我的维纳斯,蔚蓝50米
我累图吗我现在在外面,蔚蓝50米
外婆何不他们的时候我就知道你会这么说,蔚蓝50米
影视剧《蔚蓝50米》双男主海报,蔚蓝50米
官微最新消息同名网剧已经杀青了！原漫粉丝们可以搬好小板凳等待开播了~~~,蔚蓝50米
这是漫改剧还是剧改漫。,蔚蓝50米
长腿欧巴+游泳男神——赵志伟饰演张若晨,蔚蓝50米
侧颜无敌了，简直乖巧可爱~~~,蔚蓝50米
在最近热播剧《上古情歌》里饰演大将军的李昕哲，饰演一号反派“水鬼”周希元。,蔚蓝50米
刘阳阳的饰演者孙伟豪最近有部热播剧正在上映中饰演张一山的雅痞室友。,蔚蓝50米
看上去就很好笑。感觉和《蔚蓝50米》里的风格也很像嘛,蔚蓝50米
漫画里走出的刘阳阳——孙伟豪~~~~帅帅哒,蔚蓝50米
小海徐洋出演的赵宝刚新剧《深海利剑》也要开播了。,蔚蓝50米
我们《蔚蓝》里的演员都是实力派啊！！,蔚蓝50米
来张《蔚蓝50米》全家福，你们剧组有一个正常人吗,蔚蓝50米
蔚蓝50米，全新的几集了要的速度来取,蔚蓝50米
Weixin--Wy091919,蔚蓝50米
"蔚蓝50米，1--8,高能医少全",蔚蓝50米
yu1147038872,蔚蓝50米
蔚蓝50米更新一集,蔚蓝50米
wei新yasaixiaoshenxian(亚塞小神仙拼音字母),蔚蓝50米
免分享滴哦!不要白不要哦,蔚蓝50米
蔚蓝50米更新8集,蔚蓝50米
tt22881为看,蔚蓝50米
"加ygys1203,回复剧名",蔚蓝50米
拿走顶贴，蔚蓝50米.2017.同步网络,蔚蓝50米
已抱走，感谢大大，,蔚蓝50米
带着愉悦与期待的情绪，泳镜侠又一次出发咯。专注于游泳运动宣传推广的泳镜侠今天这是要干啥子去呢？原来是酱紫滴，今天是《蔚蓝50米》开播发布会！泳镜侠这是探班去了呢，咱走着瞧～,蔚蓝50米
看着一群小鲜肉的大海报，泳镜侠激动的手舞足蹈！别误会，泳镜侠是看到大伙都带着TOSWIM泳镜呢！戴上TOSWIM泳镜，你就是泳镜侠！看到游泳运动的事业如火如荼，泳镜侠发自内心的感到激荡不已。随后泳镜侠开始进入发布会场，咱说了要给大家曝光剧组内幕信息的嘛，嘿嘿，泳镜侠来也～,蔚蓝50米
那么蔚蓝50米是讲的啥故事呢？是酱紫滴～《蔚蓝50米》主要讲述的是一群体校少年们经过学校、家庭、社会的历练与蜕变最终找到自我的故事。在剧中无处不透露着对梦想的坚定，正是始终坚持最初的梦想的信念，才使得他们最终找到自我，这也正是泳镜侠的体现。是的，泳镜侠就是一种信念，坚定梦想一定实现的信念！,蔚蓝50米
蔚蓝50米12集,蔚蓝50米
为：tt22881,蔚蓝50米
蔚蓝50米1-16这,蔚蓝50米
发：【蔚蓝50米】，到“宫种呺”：【狮机之家】,蔚蓝50米
蔚蓝50米  同步更新❤下戳,蔚蓝50米
LLL519529,蔚蓝50米
蔚蓝50米，好看呦～,蔚蓝50米
"蔚蓝50米,将军在上---开更",蔚蓝50米
嘉伟CHENLI19931112,蔚蓝50米
蔚蓝50米。无私秒发哦,蔚蓝50米
想跟我一起追剧的宝宝滴滴我。v星mantle94,蔚蓝50米
一起来追剧！！！,蔚蓝50米
最喜欢的角色，老鱿鱼！！！没有之一,蔚蓝50米
蔚蓝50米，自取哦,蔚蓝50米
V自取自取m0660y,蔚蓝50米
蔚蓝50米1-12需要的宝宝们看过来,蔚蓝50米
需要的宝宝们扣1,蔚蓝50米
不是资源党绝对无偿免费分享,蔚蓝50米
