content,keyword,time
剧里那个年轻帅气斯文痴情的“金牌编剧”该不会是于妈眼中的自己吧。。,云巅之上2,2017-02-27
陈晓演贱人明星实在到位。贱出汁，贱得荡气回肠。开创了一种新的霸总类型【疯狗型】只有他自己才能演好。类反派的正面人设塑造得很成功。这款藏着有毒鳖汤的奇凸的魅力，第一次还是在天空城的羽皇陛下身上才见过.....,云巅之上2,2017-02-26
袁姗姗演技差到想笑还在里面扮演演技超好的天才 真是尴尬。。,云巅之上2,2017-02-27
过时的配音、审美和套路，主创始终活在过去的能力令人佩服！,云巅之上2,2017-02-24
晓哥的颜值又逆天了！！！虽然戏份不多，但是每场都好看！！,云巅之上2,2017-02-27
看了两集，于妈自嘲起来真可怕，剧情虽然还是有俗不可耐的狗血成分，但是把娱乐圈黑出了翔，女主傻白甜，男主坏的流水，男主虽然三观不正，但非常真实，他肯定后期会洗白，剧情上的逻辑没出漏洞，可以凑乎看几眼。,云巅之上2,2017-02-24
这么苏的男主角估计也只有陈晓hold的住，傲娇毒舌还抠门，但是好喜欢啊,云巅之上2,2017-03-10
只有陈晓的人设和演技能看，作为独自在外打拼天天被各色套路不断刷新三观底线以致无数次想要卷铺盖回家找妈妈的职场菜菜，我居然被一场嘴炮打动了,云巅之上2,2017-03-05
俗，演技不咋地，还没气场,云巅之上2,2017-02-23
弱智没有成长的女主，在原地打转没有发展的剧情，匪疑所思缺乏逻辑支撑的展眉，比舞台剧还假的郭晓东的发型和人设，像得了失忆症般突然变好的齐文森，丝毫没看出有什么金牌经纪人本事的无能的安心……,云巅之上2,2017-04-02
对不起，这部剧的台词和陈晓的脸只能用三个字形容：尴尬死！,云巅之上2,2017-03-01
我操 真心难看 配音难听 套路老旧 好想骂人 为什么国产影视剧越来越难看,云巅之上2,2017-02-24
1、还谈什么演技，主演自个儿都不配音。2、袁姗姗用了楚雨荨的声音，又变成一乐观坚强的傻白甜。3、剧情不新鲜，就是娱乐圈那些事。4、于正拍戏选角也是拖家带口的,云巅之上2,2017-02-24
女主被设定为死蠢才能拍吗？我就不信玛丽苏一定要傻白甜才好看啊,云巅之上2,2017-03-03
于正，求你，放了陈晓吧！！,云巅之上2,2017-03-06
刚看时就感觉到《华丽的挑战》的影子，我还以为是自己对于正有偏见，当女主终于穿上小鸡布偶装时我彻底明白，*是改不了吃*的。男主人设基本敦贺莲，人物关系拷贝《玻璃假面》。看一群面瘫演飚演技也是尴尬。第二季男主、啊不、是全员人设崩坏，全剧陷入无脑套路，整段垮掉。最后，简兮X左左高萌。,云巅之上2,2017-03-06
剧情尴尬 已弃,云巅之上2,2017-03-04
天啦噜，真不是我吐槽，这拍的都什么乱七八糟的，剧情瞎写，一点都不合逻辑，造型烂的不想吐槽，所有人都用的玫红色口红，什么鬼啊,云巅之上2,2017-02-27
为了陈晓我也咬牙坚持了，有的情节很烂，但莫名还喜欢这种男女主片场生活的戏，人物个性塑造不好。说实话，剧本比利先生好多了。陈晓可惜了，难道你都不看本子接戏吗！！沈澜看出还是有演技的，唐斐整个人没演出来,云巅之上2,2017-02-25
哈哈哈，我居然看完了，戏中戏还挺有意思，突然觉得陈晓好帅肿么破！,云巅之上2,2017-02-26
"借剧中一句台词 ""以后这种愚弄观众的编剧 一律让他们消失""",云巅之上2,2017-03-17
故事挺韩式，毒舌心善男一+倒霉弱势女一总让人不由想起#最佳爱情#，当然能将各种套路集成后娴熟拼凑还不让人倒胃口也是一种本事，并且陈晓袁姗姗的组合也喜闻乐见，郭晓冬是真的突破形象，一时竟没认出，以上都值得好评。至于配角就是真烂了，无论演技还是外形，蒋梦婕脸上白粉尤其厚的让人心惊胆战。,云巅之上2,2017-03-18
没想象中雷，虽然寻母和其他一些设定都不能细究。配音挺尴尬，郭晓冬这种就别找配音了，广告的植入也挺low的，撕逼戏份非常浮于其表，所有人都跟脑残一样。一群演技一般的人，硬生生演实力派。表白蒋梦婕。,云巅之上2,2017-02-24
于妈，我谢谢您嘞。,云巅之上2,2017-03-05
"超喜欢演艺圈题材所以期盼了很久，没想到于妈写七八角恋依然那么顺手。。
好喜欢男主这个傲娇毒舌心却软的人设哈哈哈哈
戏中戏挺带感的，题材都蛮有意思",云巅之上2,2017-02-24
"好久没见过这么讨厌的女猪脚了, 傻白蠢白莲花还自以为是……受不了…好想打负分",云巅之上2,2017-04-02
剧情一如既往的浮夸，难得的是在浮夸的剧情下却窥见了一个让我熟悉的娱乐圈。许多撕逼与勾心斗角的桥段，过去发生过，如今依旧换汤不换药的发生在娱乐圈中。,云巅之上2,2017-02-27
被陈晓圈粉了，袁姗姗严重拖后腿，女主人设太差，袁姗姗长得又丑...,云巅之上2,2017-08-05
陈晓真苏啊。感觉比陆贞那个时候长开了很多，但是还是一样的帅…三星全给陈晓和我还在的少女心，唐斐人设戳中我的小心脏。,云巅之上2,2017-03-17
看了几集，虽然没法和精品剧对比但还是值得一看的。曾经嫌弃过陈晓的长相，但和圈中那些牛鬼蛇神比起来陈晓的颜值简直良心，脱离了于妈丧尸般古装服化审美的袁姗姗勉强也算美女一枚。,云巅之上2,2017-02-27
袁姗姗我觉得总是笑场，女二沉浸在情绪里的时候女主表情。。。。让我出戏，我真不是有偏见，又多了一个让我弃剧得罪演员了,云巅之上2,2017-04-01
娱乐圈也玩玛丽苏梗？！,云巅之上2,2017-02-28
于妈的剧就像隔夜的外卖加热了，透着一股子粘呼呼腻兮兮的油味，闻起来浓重，食之犯恶心。这剧跟陆贞有什么区别？一样是俗不可耐的乏味。导演的水平停留在上个世纪90年代大棚拍布景的tvb，镜头语言幼稚得像小学生作文。编剧就更小学生了，写来写去就是班上几个同学勾心斗角争风吃醋，完全封闭。,云巅之上2,2017-02-25
尴尬，开头换场多且不自然…能不说话就别说话，配音尴尬，桥段…,云巅之上2,2017-02-24
冲着陈晓的颜去看的，但于正的剧果然尴尬满满，抱歉只能弃了！,云巅之上2,2017-03-06
冲陈晓的颜看的，是真帅，能让人忍受于妈的那种帅,云巅之上2,2017-04-04
33不适合演傻白甜啊，违和啊，看几集就看不下去了。,云巅之上2,2017-07-12
于妈的剧真的越来越退步了，可惜的是他自己竟然丝毫不觉，永远的玛丽苏永远都是狗血剧情,云巅之上2,2017-03-04
从来没看过于正的任何剧，剧情真的挺弱智的，特效五毛。袁姗姗总是在大喊大叫 不好看。不过发现陈晓的古装倒是真好看,云巅之上2,2017-03-16
于正估计常混晋江吧，娱乐圈文的套路啊。不过唯一正常思维的角色居然是那个妈妈,云巅之上2,2017-03-02
喜欢看娱乐圈文的亲快看过来吧，还有的元素都有，还很现实！,云巅之上2,2017-02-27
一开始觉得袁姗姗这演得是啥？人设傻蠢的真尴尬，但后来发现她的剧中剧的角色演得真不错，剧中试镜和拍戏的演技绝对可以打85分，真是神奇了。PS：这部剧里陈晓真帅。,云巅之上2,2017-03-23
先说缺点：狗血，假，浮夸，造型杀马特，剧情跟过家家一样，女主三岁智商，一股子橙光游戏低龄玛丽苏画风；再说优点：陈晓帅，蒋梦婕气质不错，娱乐圈题材比较新颖，可以看得下去。,云巅之上2,2017-02-24
"冲着阿杰配音来的，没想到男主人设非常圈粉，加上陈晓演技非常自然，所以没觉得看不下去。iqiyi弹幕一直在刷33演技在线，真是不敢苟同。剧情俗套但是不会无聊，剧荒可以一看。
看完第二季我又回来改分数了，原因很简单，在剧情最重要最高潮的地方，陈晓仿佛消失了一样。心里很难过。",云巅之上2,2017-03-17
看到第九集，除了个别剧情略显浮夸，大部分还是比较现实的。于妈简直是用生命在黑自己的同行。对陈晓，袁姗姗路人转粉了。,云巅之上2,2017-03-20
有的台词写的挺现实，再也不是强行给女孩灌鸡汤，本来觉得还可以看看的，结果这设定和情节发展，欺负观众没看过《华丽的挑战》？打工小妹变演员，颜色鲜艳的公司制服，给综艺节目当吉祥物，还跟不近女色毒舌的一线男星感情发展，国外的作者告不过来你是不是？然而抄了，还把女主塑造得像没过去的假人。,云巅之上2,2017-03-06
第一季撸完，陈晓的角色不管是人设选角演绎都太好了，淹没在这么一部low剧里真是可惜max，多给他一颗星吧，哎。,云巅之上2,2017-03-05
服装造型 辣眼睛,云巅之上2,2017-03-19
经过1、2集铺垫后面就停不下来，熬夜一口气看完了，迷之好看，当然色调服化道一贯的差。。。优点就是节奏爽利，细节台词场景蛮戳心。第2季快出来，吊我胃口！没有注水 看起来痛快，所以适合消遣，是粉丝所以多打一星。,云巅之上2,2017-02-26
袁姗姗真不要和于妈混了好吗。原本是看了个袁姗姗演反派片段，对她有些改观，可是我激动的去看了正片之后……只能说还不错吧，但是看几集下来感觉满是尴尬，这种尴尬看《美人为馅》的时候也有过，结果一搜才知道果然是于妈剧。于妈剧总洋溢着这种不现实……还有就是广告植入飞起……,云巅之上2,2017-03-11
于妈的戏全是一个路数。,云巅之上2,2017-03-11
朋友说周末两天在家用流量看的，一口气看到流量用完才停下来，看了20集左右吧，用她的话来说能让我一口气看这么多的剧真的不多……,云巅之上2,2017-02-27
看多了都是套路  女主永远那么惨  看看打发时间还行,云巅之上2,2017-03-03
陈晓帅！,云巅之上2,2017-03-09
第一集看到女主和她的大明星母亲，就想起等你的星光这本小说，虽然故事不同，但这个题材还是可以的，可是袁姗姗和陈晓不太搭。,云巅之上2,2017-02-24
看了一半都在找郭晓东，原来变成了汪峰。陈晓人设和颜值都好棒，就是剧情太典型于妈了。为了陈晓加一星。,云巅之上2,2017-03-05
唯一的一星留给陈晓吧。,云巅之上2,2017-03-02
以前看过很多袁姗姗的剧，后来懂事儿了，就不怎么看了，无法直视袁姗姗跟于正,云巅之上2,2017-08-20
整部剧贯穿着肤浅的撕逼和算计，女主角的成功就像一个笑话，唯一得到救赎的居然是男主。,云巅之上2,2017-07-19
广告植入real low，各种神剪接，无限穿帮……但为什么还是给三星？因为袁姗姗把自己演进去了，励志正能量。现在的偶像剧，感觉剧本再不济，大家都用心了许多，是进步喔。,云巅之上2,2017-02-24
第一季 还行，第二季没看完，弃剧！,云巅之上2,2017-04-18
我居然一口气看到了第十集，你别说不带脑子看还有点意思😂不过剧情真的太狗血太傻白甜了。我要是去北京租地下室住，我能租到大明星的楼下吗？答案是不能！！我要是晚上出去睡公园，我能刚好遇到大明星吗？答案是不能！！我要是送牛奶我能送到一个著名的影视公司吗？答案是不能！！你说狗血不？扯淡！,云巅之上2,2017-03-03
我对袁姗姗陈晓路转粉了~,云巅之上2,2017-03-12
剧情狗血，果断弃剧,云巅之上2,2017-03-02
齁甜，袁姗姗戏中戏都演的不错,云巅之上2,2017-05-15
女主也太傻白甜了,云巅之上2,2017-03-02
感觉袁姗姗在这部剧里面使出了自己的洪荒之力，把最好的一面和演技都展现给了我们观众，作为他的粉丝看这部剧的到处都是泪点，但是很喜欢简兮的性格，即便有人觉得有点太过，但是，真心向往这份执着。,云巅之上2,2017-03-07
我的妈，cx真是太好看了吧啊啊啊(死去,云巅之上2,2017-04-10
"033苦情戏女主啊~~~~演反派很有张力哦~
陈晓实在是太美了~看完1天后我还是想了他24个小时~",云巅之上2,2017-04-17
陈晓是谁，一个用超过颜值的演技来诠释什么叫剧烂角色线好的人，即便其他一切的一切烂成狗，也埋没不了你。如果日后我真的变成一个晓吹，那唐斐绝对就是二次圈粉的存在。,云巅之上2,2017-12-13
《云巅之上》第二季其实让我明白了：任何站在云端的人，都是狠角色，他们要么对别人狠，要么对自己狠。,云巅之上2,2017-04-03
垃圾,云巅之上2,2017-03-03
袁姗姗治好了我多年的近视，她终于把我气瞎了,云巅之上2,2017-04-25
抄袭（借鉴？？？）痕迹明显，太多场面有可循之处，但，有毒，一口气看完一季24集，绝了。陈晓很迷人，袁姗姗戏中戏能看出演技，竟很出彩，看到孙俪老师的影子，然而简兮这个角色本身的塑造却一言难尽，不懂了就。等第二季啊喂！  4.3.第二季追完，强行大结局啊这是。陈晓，苏神！,云巅之上2,2017-02-24
题材上值得关注，表现娱乐圈的假和浮夸，导演用尬戏和尬导的方式，也算另类的融合，不过缺剧情和人设缺乏逻辑，女主是一朵没脑子的白莲花，周围都是坏阿姨和坏蜀黍，看着挺无语的。作为消遣窥探娱乐圈的作品倒是可以瞧瞧，男主张翰来演倒是可以，里面女主的戏中戏对O33挺考验的——她也被考倒了,云巅之上2,2017-04-16
啊是不是有毒 5集就能讲完的故事 拖拖拖 能搞出个p来,云巅之上2,2017-06-24
又是一部为了陈晓而看的电视剧 怎么说呢 这部剧比《遇到爱情的利先生》要好一些 但也是大哥二哥 如果服装道具能提高一个档次就好了 惊讶的发现王泷正居然在这部剧里跑龙套！,云巅之上2,2018-01-16
太小言了，都是套路。袁姗姗的演技还可以。喜欢陈晓。,云巅之上2,2017-04-26
3.5星。结局有点尴尬了。画风变得太突然。对现在丧丧的我来说，需要一些这样的片子来刺激一下。20170402,云巅之上2,2017-04-02
“你是在帮我妈？”“我是担心你耽误拍摄进程！”,云巅之上2,2017-03-06
陈晓很帅。剧很脑残。,云巅之上2,2017-03-06
意外的不错啊，陈晓袁姗姗cp挺不错的，袁姗姗演的就是她自己吧……演技真的提高很多，挺棒的，剧情也不是像别的剧打着娱乐圈旗号谈恋爱的片子，女主确实靠着自己一路打拼慢慢成名，心中一直想着演戏，这很好！好喜欢海报的那两句话~~,云巅之上2,2017-03-21
广告植入得太“不露痕迹”了,云巅之上2,2017-03-05
于婊出品必属垃圾。,云巅之上2,2017-04-26
"哈哈，竟然被无聊的我看完了一季，虽然真不觉天才女主有啥天才演技。ps,陈晓还是不错的。",云巅之上2,2017-07-19
为什么要拍的这么劣质和廉价…,云巅之上2,2017-03-03
配音挺尴尬，画面还能接受,云巅之上2,2017-02-24
浮夸至极，袁珊珊倒是看得挺顺眼。,云巅之上2,2017-10-15
深度全靠吼，演技全靠解说。,云巅之上2,2017-03-11
优点是戏中戏拍的蛮认真,云巅之上2,2017-10-17
陈晓真帅 角色真圈粉 袁姗姗的角色人设台词尴尬的我想弃剧,云巅之上2,2017-02-23
配音挺尴尬，广告的植入也挺low的,云巅之上2,2017-10-08
不一样的偶像剧不一样的套路！妈呀这剧简直有毒！会员刚出来的时候就连夜刷完了全集，被唐斐苏哭了！感觉男主是全剧颜值的担当，对033的演技也是刮目相看了，皇后那段简直演技大爆发！等了这么久终于等来了月底的第二季简直太期待了！,云巅之上2,2017-03-16
出乎意料的一部，让我对陈晓，尤其是袁珊珊有的新的认识,云巅之上2,2017-04-03
都不知道是怎么看完，一群神经病…～～,云巅之上2,2017-04-07
还好，就是十六集之后要vip了 呵呵,云巅之上2,2017-03-20
陈晓还是很帅的，颜值够看，剧情实在不想吐槽了,云巅之上2,2017-04-20
刚开始有点雷，看着看着居然免疫了,云巅之上2,2017-03-05
我宣布 我正式成为陈晓颜粉,云巅之上2,2017-04-07
什么鬼,云巅之上2,2017-04-16
虽然一样不太着调的品味和浮夸，于正的娱乐圈奋斗片的调性就和之前花千骨团队的重生不太一样。看033元气满满的追梦也还可以。期待之后杨磊团队的星光璀璨。033和演展眉的演员迷之像。戏中戏迷之带感。浓妆陈晓迷之带感，斜眼看人的魅。沈嫣这种装柔弱的演技套路啊。第二季后半拖戏循环可以减一星,云巅之上2,2017-05-02
剧情狗血打光辣眼睛，袁姗姗基本靠吼。三颗星给晓贱人，一颗星给杰大的配音，张杰加陈晓，撑我看完整部剧，整个角色又贱又苏，苏炸天际又帅的荡气回肠，哈哈哈。,云巅之上2,2017-04-10
陈晓cut好好看啊！,云巅之上2,2017-10-29
云翔之上。,云巅之上2,2017-03-16
很老套很玛丽苏的剧情，广告植入太僵硬，然而我竟然一口气看完了，陈晓好帅好苏！！！！！！纸巾吻我可以看一百遍！！,云巅之上2,2017-03-05
陈晓是很帅，剧情真的太差了，幸好陈晓离开于妈了。,云巅之上2,2017-10-20
于老师浪费了一个好题材，深挖不够，剪辑不够流畅。给题材加1,云巅之上2,2017-03-09
袁姗姗  好尴尬,云巅之上2,2017-03-06
陈晓帅啊😍,云巅之上2,2017-02-25
说实话，我是听说陈晓演的很精确才去看的，片子真心一般，但是为了陈晓也看下去了。于抄抄又是抄袭，这部剧抄了3部+的桥段，再编造一些所谓业内真相，实际上还是很浮躁，演技这个东西还是有点糊弄人，个人倒确实觉得陈晓难得演的很不错。袁姗姗不予置评，只能说其他人都努力了。,云巅之上2,2017-04-10
俩分最多,云巅之上2,2017-03-05
陈晓苏炸了，无论是什么造型，都可以驾驭，非常惊艳我的就是陈晓的苏感和演技，苏感表现在他每一个表情和动作都激起我的少女心，演技就是那几个反串选段实在是太美了，动作眼神恰到好处,云巅之上2,2017-03-31
反派也太脑残了,云巅之上2,2017-06-14
于妈编剧基本有点雷，但是娱乐圈纷纷扰扰也在所难免！主要是陈晓袁姗姗两位主演的颜我很满意，剧里演技也在线！话说袁姗姗现代装很美啊，没得黑！戏中戏很有看点,云巅之上2,2017-02-24
三颗星都给美艳盛世的晓哥哥！！！,云巅之上2,2017-02-28
有一些剧，不用看剧情，不用看主演，甚至根本不用看，只要有“于正”两个字，就可以打分了,云巅之上2,2017-05-01
能上云端，必为强者。,云巅之上2,2017-04-20
好适合快进的的剧！！！好期待后面的  ！！！😂,云巅之上2,2017-03-18
除了女主简兮人设太作以外，其他还好。很喜欢剧中剧这种创新模式。,云巅之上2,2017-04-21
选角还行吧，虽然于妈剧选不选也就那几人。就是剧情漂浮在云上，不切实际，号称要怼别人，其实自己也不强啊。,云巅之上2,2017-03-23
除了透着一股没钱味儿，剧本还是可以的，傻白甜套路之下各种大实话。,云巅之上2,2017-02-27
狗血无脑玛丽苏……,云巅之上2,2017-04-03
"期待了很久了，很早就关注了
题材新颖，很喜欢，不过演的太浮夸了
唐斐真的是嘴硬心软的代表
真没看出来沈嫣居然是心机婊，季晴的助理笑笑和沈嫣真是无语
简兮跟沈嫣逼问的时候，怎么就不知道录音呢，简直了，好想教教简兮怎么录音
袁姗姗很适合简兮这个角色，演出了俏皮与可爱
完美幸福的大结局",云巅之上2,2017-06-05
演技尴尬,云巅之上2,2017-07-23
男女主的对手戏其实还可以，但是那个什么老师的戏份也太多了吧。。。,云巅之上2,2017-10-29
我一直以为这是古装，看了才知道是现代剧，演得还不错,云巅之上2,2017-03-21
玻璃假面既视感,云巅之上2,2017-04-09
好,云巅之上2,2017-07-09
第一季还不错，第二季就尿崩了，说好的娱乐圈奋斗，还是个小白,云巅之上2,2017-09-05
陈晓角色设定实力傲娇毒舌可爱 男二张哲瀚无比眼熟原来是琅琊榜的少年林殊 女配左左实在是坏的太白痴...蒋梦婕演的这朵没有在人前批评做坏事的助理还说已经道过歉可以原谅了的白花实在是喜欢不起来 但是蒋本身演的戏中戏女囚演技在线啊,云巅之上2,2017-03-05
看了这部网剧 我觉得陈晓颜值和演技还是在线的 伶人扮相很有味道 贱贱的人设也讨人爱 至于袁姗姗饰演的角色 永远在被陷害和被拯救中徘徊着 有些无语……,云巅之上2,2017-05-10
还行，挺甜的,云巅之上2,2017-03-28
冲着陈晓的颜值跟着老妈看了两集～～～,云巅之上2,2017-03-04
有毒。。。台词带感。,云巅之上2,2017-02-27
陪家里老人看了点，感觉像早年的浪漫满屋,云巅之上2,2017-05-07
袁姗姗诶,云巅之上2,2017-04-30
麻麻地,云巅之上2,2017-03-22
我是多无聊竟然看完了。对这个题材还挺感兴趣的,云巅之上2,2017-08-29
一星给陈晓的颜。其余，每个都辣眼睛,云巅之上2,2017-04-09
艺人的背后到底是啥样的？这下能找出答案了吧,云巅之上2,2017-02-23
为了西皮又硬啃完一部烂剧·············编剧能不能走点心？？？？！！！！,云巅之上2,2017-04-04
说实话陈晓还是实力演技派,云巅之上2,2017-03-04
虽然有些地方很无语但也有很现实的道理啊，正好中和一下，蛮好的啊，陈晓真帅啊！哈哈哈哈哈哈,云巅之上2,2017-03-16
好残酷的娱乐圈 戏中戏 还可以,云巅之上2,2017-03-04
看一个没有演技的女明星演一个有演技的女明星真是一件很尴尬的事情。,云巅之上2,2017-03-30
第二季比第一季还要烂。中国根本就没有行业剧。,云巅之上2,2017-04-15
被陈晓的嬉皮笑脸的小贱样乐到了！！哈哈哈,云巅之上2,2017-03-05
"唐斐和柯洛相比，曾经或许会喜欢柯洛式全盘保护。可现在明白唐斐给的爱是成熟，他教她成长面对，在残酷现实面前丰实羽翼，只有这样她才能稳稳地走下去。看到后面真的气人！！柯洛眼睛瞎了啊？！
在这部剧里终于get到陈晓的颜值！！",云巅之上2,2017-04-14
"就剧情来说，我觉得蛮莫名其妙的，当然电视剧也不能太过较真了，看个热闹算了，但是这个电视剧咋给我一种整个娱乐圈就那么几个人的样子，而且奖也太好拿了吧……
惊喜的是陈晓在里面很帅啊，我之前都没get到过他的帅，到这个剧里是真的好看啊",云巅之上2,2017-05-05
演艺事业和爱情故事都有涉及，里面的戏中戏挺用心。到中期时有些人设崩了，最后算是圆回来了。总体来说看了不后悔。,云巅之上2,2017-04-03
的确很low，不过雷剧可以看看,云巅之上2,2017-03-04
感觉陈晓挺帅的啊，演技也还行，怎么感觉资源不怎么好呢,云巅之上2,2017-03-25
原来，在编剧的眼里，成年人世界里，而且还是娱乐圈里的争名逐利就跟小孩子过家家一样，而且一部讲演员演技的电视剧居然全程配音，也不知道是什么样的出发点和心态。又一次因为很多人的吹捧踩雷了。,云巅之上2,2017-04-01
突然就冲着陈晓看了，过程中发现33的演技突然有了突破，戏中戏演的很好啊！应该可以为之前的被黑洗白了吧！,云巅之上2,2017-05-29
不说别的，单从题材、立意和现实度上来讲，就已经碾压大部分的国产偶像剧了。看起来有点日本少女漫的感觉。已经很久没有看到鼓励年轻人拼搏奋斗的偶像剧了，给个鼓励的5分。,云巅之上2,2017-03-02
于妈的剧难得啊，陈晓男主的人设好喜欢，演的也好玩，袁姗姗现代装好看，镜花缘里的造型也好看，其他古装民国装就那样吧，蔡文静不错,云巅之上2,2017-03-02
特意来评分，以前对陈晓无感，但真的很喜欢他这个角色。我不知道为什么这部剧总能戳到我心里最脆弱的地方，让我哭了好多次。ps：竟然才知道左左的扮演者演过不良人，只想说好不好看全看造型啊。更新：看完大结局了，感觉烂尾了。第二季剧情太拖沓，对老师部分的描写太多。导致男一变成了男二的既视感,云巅之上2,2017-03-11
说实在的 这部剧在讲一个没有资源的女孩追求自己的演员梦 但是竟然还找配音 口型都对不齐…还是卖煎饼吧……还有郭晓冬的造型！实在无法认同 干净质朴的熟男气质全毁了,云巅之上2,2017-03-28
配音好尴尬啊，于妈如果选择爆料那还有看点！！！,云巅之上2,2017-03-04
于妈呀，你这么喜欢yss么！！,云巅之上2,2017-03-04
两天居然一整季看完了，还被忽悠成会员，陈晓的角色人设灰常讨好。第二季看完，勉强6分。后15集剧情太拖沓，没有松紧主次，一塌糊涂。。强行结局。作为观众，最后只能快进只看唐斐，over,云巅之上2,2017-03-03
"云巅之上1看完了，2也快看完了，虽然狗血，但还是很喜欢！
为了梦想不放弃的人会得到成功的",云巅之上2,2017-03-31
就是第一集有点脑残狗血，看到后面就被剧情吸引了，虽然袁姗姗的人设很白莲而且动不动就跟陌生人说自己的生世有多惨，但是演技挺好的，在里面她演的恶毒的皇后真是让人毛骨悚然，然后就是陈晓简直太帅了，在里面说的话好现实也很有道理，一直鞭策女主让她进步坚持，期待第二季,云巅之上2,2017-03-09
虽然配角涉及到了一些黑幕，但主线还是好正能量啊，演技好人品好大家就都喜欢就会成功。现在的演艺圈真的是这样吗？,云巅之上2,2017-06-23
垃圾,云巅之上2,2017-08-23
于妈出品必属烂剧,云巅之上2,2017-03-07
三天看完。题材新颖 胜在写实有趣。就是我很烦里面很多人的咆哮式演技反而更喜欢蒋梦婕比较收敛的演法人又好看哈哈哈哈哈。唐斐真的很好笑2333感觉那个沈嫣长得像低配版赵丽颖 坏得可以倒让我觉得左左不那么讨厌了。,云巅之上2,2017-04-02
戏中戏，挺想看里面的戏,云巅之上2,2017-05-13
一个不要女儿的缺德恶心妈，一对欢喜冤家!再配上点潜规则，就说娱乐圈，于正也就这么个套路了!女主一贯的傻白甜！主角光环闪瞎你的眼！号称揭露娱乐圈的秘密！你信一个傻白甜处处得罪人，任性就因为单纯杀出一片天！如果没有胆量拍就别戴高帽！不过于正这狗血套路的确有人买账！,云巅之上2,2017-03-07
陈晓好苏！！以后不要再拍于正的片子了,云巅之上2,2017-05-14
題材很有噱頭，可惜沒有拍好！陳曉很適合這類型的角色設定，袁珊珊比之前有進步了。,云巅之上2,2017-03-01
陈晓帅可以弥补一切尴尬.....,云巅之上2,2017-12-09
可以说是很无趣了，不知道自己怎么追完的，佩服自己,云巅之上2,2017-03-13
智障少女勇闯负情商“于”乐圈儿,云巅之上2,2017-04-04
标记,云巅之上2,2017-09-06
"逃不出的玛丽苏，离不了槽点。
三星给白发苍苍欧阳导演说的一句话“就是因为你们老糊弄观众。等这帮孩子长大了，回想青春期看过的电影，肯定恨不得一巴掌抽晕过去。”
嗯，不错，关爱下一代，少拍烂片。",云巅之上2,2017-04-05
看出了袁姗姗的演技，不演古装大美女以后戏路终于对了。,云巅之上2,2017-02-28
么么哒，前两年很diss于正，这两年觉得最起码于正是把剧往编剧中心制上引,云巅之上2,2017-03-06
一直觉得陈晓是帅的,云巅之上2,2017-03-12
真的还挺好看的。陈晓的演技很好，非常苏。,云巅之上2,2017-03-12
服化道都挺雷的，剧情神兽，然而陈晓很帅。,云巅之上2,2017-05-21
剧情低幼，人物造型也一般，但冲着娱乐圈题材，我会追下去。,云巅之上2,2017-02-27
陈晓好帅,云巅之上2,2017-06-12
还不错,云巅之上2,2017-03-31
故事挺折射现实的，但是演员演技太浮。,云巅之上2,2017-03-07
有毒，看完了。觉得后面越来越喜欢左左,云巅之上2,2017-04-09
陈晓的颜值和演技支撑我看下去,云巅之上2,2017-03-26
还是能知道一些娱乐圈的事情,云巅之上2,2017-03-05
演技不够 解说来凑 我是来看陈晓和规则的,云巅之上2,2017-05-30
剧情虽然。。。。但是陈晓好苏啊 是自己的原音吗,云巅之上2,2017-03-05
很假，又假又low,云巅之上2,2017-08-30
也就那样吧，能看，但不能看完。一开始还行吧，到后来就越来越狗血,云巅之上2,2018-02-23
。。。,云巅之上2,2017-04-02
终于撸完了n个重复轮回的故事，1.5星给033陈晓，0.5星给岳乐安心，1星给题材,云巅之上2,2017-04-01
还不错，想看第二部，有点像娱乐圈文。,云巅之上2,2017-03-21
袁姗姗用这部戏又把自己往招黑的方向推了一步，可能对于妈是真爱。表演课在椅子上沾胶水？这是成年人的撕逼方式？珊珊这么幼齿的戏你也敢接，看本子的时候长点心吧,云巅之上2,2017-06-01
啧。不敢相信自己快进着撸完了。,云巅之上2,2017-03-04
不喜欢那谁，但是我感觉陈晓不错啊，想给三星，但是看到那谁还是算了吧,云巅之上2,2017-03-05
听剧情描述觉得和一般的娱乐圈文挺像的，但看不下去，挺恶心的，陈晓陆贞那会多棒，要是离开于正多好，为什么不能离开于正,云巅之上2,2017-03-12
"缺点：演员那么好当啊，导演除了说换人就不会说其他了吗？
优点：戏中戏；这种题材第一部；看了之后再看其他电视剧，突然就感觉豁然了；",云巅之上2,2017-04-23
游走于现实与梦幻之间，总是会有王子出现，生活也总是会有转机… 后半部分一口气看完，好人变坏人，坏人变好人。其实人的心真的挺难把握，一不小心就会走火入魔。话说最后的结尾真是。。。能不能好好正常的做个3d效果。。。 1毛效果,云巅之上2,2017-03-19
很浮夸，两位主演演技并没有吹的那么好……,云巅之上2,2017-06-09
什么鬼啊！配音尴尬死,云巅之上2,2017-03-09
如此套路，演得还如此假，看了一集果断弃剧！,云巅之上2,2017-03-06
看了几集，不错。没有特别喜欢，也没有讨厌。,云巅之上2,2017-06-16
被陈晓颜值圈粉 帅出天际线 第一季我给4星 第二季剧情着实脑残 33演技的确大有长进 网络暴力其实蛮可怕的 能迅速捧红一个人 也有可能一下子踩死有实力的小演员 简兮很固执 但是坚强的让人感动,云巅之上2,2017-04-06
给两星吧！剧情真小白。,云巅之上2,2017-05-13
还可以,云巅之上2,2017-05-07
"剧情看得我好尴尬,不求多么真实和犀利地还原娱乐圈生态,但至少不能忽悠观众智商吧…倒是有点对袁姗姗刮目相看了,演技很在线啊。",云巅之上2,2017-03-17
。。。。。。于正  袁姗姗？！,云巅之上2,2017-06-17
一集弃系列，主演我都不讨厌，这剧实在不好看。,云巅之上2,2017-03-04
别的不说陈晓好帅啊，古装现代都好帅,云巅之上2,2017-03-20
娱乐圈也是职场，于正输出的是一种职场价值观，三观挺正！,云巅之上2,2017-03-01
整部剧就陈晓的演技还好点,云巅之上2,2017-04-06
这剧挺好看的，对袁姗姗改观。,云巅之上2,2017-03-20
3星半，偶像剧中算可以看的,云巅之上2,2017-03-12
希望于正放过陈晓…,云巅之上2,2017-04-18
各种套路的剧情,云巅之上2,2017-03-26
看到第17集，忍不住要吐槽，难道编剧随便改剧本导演都没意见的吗?拍戏时怎么可能这么多戏连在一起演，演员表演时编剧和导演一直说话，但凡做过群演的都知道拍戏需要安静吧。说这剧揭露娱乐圈的现实，然而实际上是在洗白娱乐圈，娱乐圈有简兮这样的小白兔吗?你问问女主袁姗姗她是这样起来的吗?,云巅之上2,2017-06-25
前面还不错，后面越来越拖沓，几度想弃剧，还是看完了。戏中戏蛮有意思。关于爱情态度，关于工作态度，还有一些小套路。,云巅之上2,2017-06-19
